<?xml version="1.0" encoding="UTF-8" standalone="yes"?>
<addon id="plugin.video.watchnixtoons2" name="WatchNixtoons2" version="0.8.3" provider-name="WNT2">
    <requires>
        <import addon="script.module.requests"/>
        <import addon="script.module.six"/>
    </requires>
    <extension point="xbmc.python.pluginsource" library="default.py">
        <provides>video</provides>
    </extension>
    <extension point="xbmc.addon.metadata">
        <summary lang="en">WatchNixtoons2</summary>
        <description lang="en">
Watch cartoons and anime from [COLOR orange][B]www.wcofun.net[/B][/COLOR].

Support the WatchCartoonOnline website with a PayPal donation to:
[COLOR khaki][B]wcohelp@yandex.com[/B][/COLOR]

Add-on originally by doko.
Random updates by lolage.
        </description>
        <disclaimer lang="en">The authors of this addon do not host any of the content found or have any affiliation with the content providers. This add-on only scrapes web pages.</disclaimer>
		<language>en</language>
        <platform lang="en">all</platform>
        <news>[COLOR orange][B]WatchNixtoons2[/B][/COLOR] - Cartoons &amp; Anime
[B]0.8.3:[/B]
- Update Thumbnail Hashes

[B]0.8.2:[/B]
- Update Thumbnail Hashes
- Update User-agent
- Escape HTML characters in episode title &amp; plot

[B]0.8.1:[/B]
- Fix Source decode site changes

[B]0.8.0:[/B]
- Update Thumbnail Hashes
- Menus and Settings can now be translated
- Fix PY3 issues for the old WNT2 scripts in settings
- Changed default setting for the series thumbnails
- Ongoing and Popular can now have thumbnails
  - Requires to be enabled in settings</news>
		<assets>
            <icon>icon.png</icon>
        </assets>
    </extension>
</addon>
